root,source_graph_segment,pixel_x,pixel_y,baseline_state,baseline_min_gap_scene_units,baseline_max_gap_scene_units,baseline_above_ground_projected_cap_fraction,candidate_state,candidate_min_gap_scene_units,candidate_max_gap_scene_units,candidate_above_ground_projected_cap_fraction
1,0,612.8442984307409,348.5827428736188,fully_floating,0.04941417947307514,0.09919154229625349,1.0,fully_floating,0.049923705717642264,0.09919154229625349,1.0
2,7,633.4027293513137,359.9767795437358,fully_floating,0.043850792836549246,0.08180522327685935,1.0,fully_floating,0.04238499371712834,0.08669466950903981,1.0
3,15,585.3023063354087,324.53569032959325,fully_floating,0.03752057304083323,0.09204696717411309,1.0,fully_floating,0.044001136345082514,0.09444720590241218,1.0
4,22,636.2056693366196,368.62674932477347,intersects_substrate,-0.012285908841505933,0.03256326364454776,0.7631228349760252,intersects_substrate,-0.009774934197983143,0.03094360623724768,0.8252090824082803
5,29,549.809409149908,329.8716217823277,fully_floating,0.04676112382172981,0.12211730762552114,1.0,fully_floating,0.04833881797844697,0.12343416472741575,1.0
6,37,564.4931012929186,368.8648573680157,intersects_substrate,-0.0010007036788213242,0.0627684290565842,0.9977742829145927,intersects_substrate,-0.0008901444877125186,0.0627684290565842,0.998010574840437
7,45,661.3549798933175,344.0389913387117,fully_floating,0.0433323059018349,0.10501913592219836,1.0,fully_floating,0.0433323059018349,0.10501913592219836,1.0
8,52,572.6230384367624,356.57253458111876,intersects_substrate,-0.036086706335990204,0.0054740274217888185,0.05658995921852427,intersects_substrate,-0.03694597200566374,0.0054740274217888185,0.05658995921946713
9,59,646.467060520784,330.78686571097916,fully_floating,0.008627530280314488,0.04867641876560924,1.0,fully_floating,0.0030340235913044467,0.043980096581368144,1.0
10,66,629.0226946926805,338.16707168397437,intersects_substrate,-0.016481255826995778,0.049850943613009235,0.8901127708056181,intersects_substrate,-0.015059604559546358,0.049850943613009235,0.8415473395604091
11,75,503.25143902287823,362.0824046651431,fully_floating,0.016599147110738954,0.06704522015023429,1.0,fully_floating,0.01713094887007749,0.06064052290641797,1.0
12,83,578.0414341428132,345.50336179528756,fully_floating,0.05775033381333827,0.08015326734735798,1.0,fully_floating,0.05453610670547704,0.07162017132384335,1.0
13,93,666.1778324685401,349.1376172274958,fully_below_substrate,-0.06563584391407185,-0.034979251984430526,0.0,fully_below_substrate,-0.06185894562061023,-0.04282857974207133,0.0
14,103,583.788044543512,357.89960493057396,fully_floating,0.05675429015406053,0.09830643191933675,1.0,fully_floating,0.05675429015406053,0.09830643191933675,1.0
15,110,567.2325782571328,360.19782710084706,intersects_substrate,-0.014859308749437083,0.00774124947591881,0.3127381983779931,intersects_substrate,-0.014859308749437083,0.007741249475918699,0.3127381983786711
16,117,595.9200641965098,362.9550399220348,intersects_substrate,-0.01976614362310869,0.010770998646546515,0.1694256490124721,intersects_substrate,-0.019282932775258388,0.012999672978663668,0.1811804783075827
17,127,622.6765366862767,377.02438432139,fully_below_substrate,-0.034861387852504144,-0.007608015847454297,0.0,fully_below_substrate,-0.03169383204071785,-0.007608015847454297,0.0
18,138,686.2225203927884,346.7167879889787,intersects_substrate,-0.04823775395072616,0.005946979001770103,0.02996541738967261,intersects_substrate,-0.04412354030665,0.005946979001770103,0.029965417393066955
19,149,559.6810619664493,367.69428889248604,fully_floating,0.041683953806781915,0.08376496943602518,1.0,fully_floating,0.041683953806781915,0.08376496943602518,1.0
20,157,502.6678831024809,349.29628945771356,fully_floating,0.046439894631575385,0.07813865994126301,1.0,fully_floating,0.046439894631575385,0.07813865589248081,1.0
21,164,600.463223057262,349.1416370274953,intersects_substrate,-0.008579785092230452,0.045868088677529784,0.8786137157262237,intersects_substrate,-0.008579785092273085,0.045868088677529784,0.9201027546681835
