root,source_graph_segment,state,minimum_vertical_gap_scene_units,maximum_vertical_gap_scene_units,above_substrate_projected_area_fraction,highest_substrate_node_ids
1,0,fully_floating,0.04236820216985304,0.061413399789961964,1.0,62
2,7,fully_floating,0.07947861884869667,0.09724513179842109,1.0,62
3,15,fully_floating,0.004823165529477258,0.03137668058420928,1.0,62
4,22,fully_floating,0.054118897558430135,0.06945870791093522,1.0,62
5,29,fully_floating,0.011734172739274129,0.03645862451187476,1.0,62
6,37,fully_floating,0.05652093822066806,0.0763356951864182,1.0,62
7,45,fully_floating,0.05161572675116588,0.07683722298278006,1.0,62
8,52,fully_below_substrate,-0.044042850933491806,-0.013105654677449508,0.0,62
9,59,intersects_substrate,-0.008774408681802015,0.015481647887710892,0.7123687027838549,62
10,66,intersects_substrate,-0.02114563025374827,0.010622947807171879,0.28686802134120815,62
11,75,fully_floating,0.06623866277312374,0.09507340755825666,1.0,62
12,83,fully_floating,0.040095982003570896,0.058082847350274136,1.0,62
13,93,intersects_substrate,-0.004352488418253753,0.008850428319029824,0.7489745995143934,62
14,103,fully_floating,0.04492691757919598,0.0676243029227157,1.0,62
15,110,fully_below_substrate,-0.02814450295587445,-0.012757567414721116,0.0,62
16,117,fully_floating,0.01589991863956136,0.025518232193250917,1.0,62
17,127,fully_floating,0.04040026453907031,0.04946100258666819,1.0,62
18,138,intersects_substrate,-0.0035152530242199553,0.013151223099751697,0.8520767602625751,62
19,149,fully_floating,0.07267069654559366,0.08920765000888986,1.0,62
20,157,fully_floating,0.004333175478128837,0.028352282677428065,1.0,62
21,164,intersects_substrate,-0.0266398421574785,0.0013914346777439413,0.011404287334969435,62
